ID,Translated_Problem
0,How much of a cake can be cut into 2 times straight linearly?
1,"The pond has 100 stones on top of a pond. First one frog 1, 2, 3, 99, 100th stone jumps through the pond. The second frog jumps into the pond with a jump of 2,4,6,... 98,100th stone. The third frog jumps over 3,6,9,... 99."
2,"Suppose $f(x) = x^{67-X^{67-\dots}}} =, where $x \nq = 64 =, then how much remains if $n^= 11 divided by $11?"
3,"Samin uses only 0 and 1 for the calculation of the heavens. No other figures they don't know. Samin has a number of 2024 numbers, all of which are 1. Samin gives the number squarely to the heavens and the heaven has given you 1 minus it. How many 1 is there in the number you have?"
4,"A, B, C, three stands. 3 moves from A stand to 2 disk B stand, 7 moves if 3 disks, 15 moves if 4 disks. So how many moves do you need to move from A stand to 10 disc B stand?"
5,For any value of a (x^2+4x+8y+4y2+ 4y^2 + Axiz\) shall be divisible by (x+2y\)?
6,"""""""It's a strange clock,"""" said the clock, """"and the clock is almost half past eleven o'clock in the evening and the clock is half half the time it's going to take for a minute to take more than 2024 minutes."""""""
7,"Three friends Shahriar, Shakib and Sadia. Shahriar has all integers from 1 to 10. Shakib has all integers from 11 to 20 years. Sadia has all integers from 21 to 30. Mithila wants to take 1 number from every friend in such a way that the sum of three is divided by 3. How can Mithila take that number?"
8,"A is 70% of B, B is 50% of C, C is 40% of D. So, how much of A, D?"
9,"A dragon burns 5 trees every 10th minute. Majeed and Imon-two fighters stand in arms. Majed can shoot every six minutes and Emon every 14 minutes. The problem is that if the dragon does not shoot at the same time, the dragon is not hit. If the dragon is hit by three times, how many trees have the dragon burned?"
10,"If there are two consecutive positive integers, how many are the producers of the small number?"
11,$sqrt{70 \times k!} is an integer for the lowest value of $k=$k=70 \times k!}?
12,"King Shahriar told a total of 1001 stories by his Begum Sheherzad Prakra. If Sheherzad didn't tell a story every night $k$$k$101 per night, how many of these 1001 stories would have been told? (Here, $gcd (k,101) is $1, $1, and ghsagu of 201)"
13,"If Payal wants to provide a 3-digit password to his mobile phone, how many different ways can Payal provide passwords?"
14,"\left(\frac{3}}{2!\times 1!\times 2^1}\right) \left(\frac{4!}{2}\right)\times 2.\times 2.2}\righttimes 3.\times 2^3}\right) \times \drac{m}{n}===n}}=right, \m\times =n}======right) \m\times n = = = = = = = = = = = = = = = = = = = = = = = = = = = = = = = = = = = = = = = = = = = = = = = = = = = = = = = = = = = = = = = = = = = = = = = = = = = = = = = = = = = = = = = = = = = = = = = = = = = = = = = = = = = = }"
15,How much two elephants can be placed on a $5-times 5$ chessboard so that they don't attack each other in one game? (Note that the elephant can cross any number of houses on the side.)
16,"Hold $f: \n \t\t R$ where $f(x) =log_{2024}{x}=. So determine the minimum value of $k$, when $sum_{n = 1}^{k} f(n)gqu"
17,"How many sequences can be $(a, b)= $gcd(a, b) + lycm(a, b) = 2023 =?"
18,\ferac{1+3+5+\dots+(2n+1)}{{2} \ferac{1}}{6} + frac{1}{12} \dots \frac{312} = 342. = = $n = 0.
19,"How many 3-digit numbers can be made using only 1,2,3,4?"
20,"The 4 cm diameter and 9 cm height of a cylinder-shaped coffee cup have a cup of coffee at a point $A $0. On the top side of the coffee cup, there is a cup of coffee. The $B $A$ to $B $2 $2 $2."
21,"If the price of 4 bananas is Tk 32, calculate the price of 1 dozen bananas."
22,"""Niloy strikes two sixes of red and blue, each having six sides and a number of 196 on the sides, adding two numbers from two sixes after the throw of the six."""""""
23,"$X^2 + 455 = 2025 = 0$2 and $5x - 2025 = 0$255 = 0(x_1, y_1), (x_3, y_2), (x-3, y_4) =, where $x_2 > x_2 > x-3 > x-4 > x-4 > x-4 > x-4 > x-4 > y_= y_= y_= y_= y_= y_= y_== y_== y_= y_=== (a + b \ct\ct\sqt\ct_}/d = = = = = = = = = = = = = \c} = = \ct\ct\d\ct\ct} = \d/d, = = = = = = = = = = = = = = \c} = = = = = = = = = = = \c} \c} = = \c} = = \c} = = = = = = \c} \ \ \ \ct_qct_qct} = = = = = = = = = = = = = = = = = = = = = = = = = \ \ \ \ \ = = = = = \c_c_c_c} = = = = = = = = = = = = = = = = = = = = = = = = = = = \c} \c} \c} \c} \c} \c} = = = = \g, \c} \"
24,How many people in a hall room can be sure that the minimum of these 13 of them were born in the same month?
25,"Consider (n\t) a positive integer (n! \t\t) \t\t} (2^{3072} \), \(3^{2048} \) and \(5^{1024} \) \\"""""""""""""""""""""""""""""""""""""""""""""""""""""""""""""""""""""""""""""""""""""""""""""""""""""""""""""""""""""""""""""""""""""""""""""""""""""""""""""""""""""""""""""""""""""""""""""""""""""""""""""""""""""""""""""""""""""""""""""""""""""""""""""""""""""""""""""""""""""""""""""""""""""""""""""""""""""""""""""""""""""""""""""""""""""""""""""""""""""""""""""""""""""""""""""""""""""""""""""""""""""""""""""""""""""""""""""""""""""""""""""""""""""""""""""""""""""""""""""""""""""""""""""""""""""""""""""""""""""""""""""""""""""""""""""""""""""""""""""""""""""""""""""""""""""""""""""""""""""""""""""""""""""""""""""""""""""""""""""""""""""""""""""""""""""""""""""""""""""""""""""""""""""""""""""""""""""""""""""""""""""""""""""""""""""""""""""""""""""""""""""""""""""""""""""""""""""""""""""""""""""""""""""""""""""""""""""""""""""""""""""""""""""""""""""""""""""""""""""""""""""""""""""""""
26,"$x = $x, $y = and $z = such a real number as $4^x+1)(4^0 + 32) = 2^{x + y + + 7 } = $x + y + z = = = $X + y = = = = = = = = = = = = = = = = = = = $ x = = = = = = = = = = = = = = = = = = = }"
27,"The number '6' is written in front of a number with a number of 3 numbers. The number of numbers in the new number is twice the number, if the first number is 50 times the number."
28,"The difference between the two brothers is 5 years old. Now, when the older brother is 24 years old, how old is the younger brother after 10 years?"
29,"A subtraction of the $n(n 1)= 1th of a section can be found $$1 = 1. If the first two terms of the section are 1 and 2, determine the terms 999th."
30,"+Creil +(n+m-11){n+2} \rcyl +(n + 1) +(n + 1) + (n + 2)} \cricil +(n + 3) + \clipifac{n + 3) + 4}{n + 3) \cel =(n+m-1) \rcil = [n+m} = (n+m-1} } = = = 20 = = = = = $0 = = = = = = = = + \l = = \l = \l = \"""""""""""""""""""""""""""""""""""""" \"""""""""""""""""""""""""""""""""""""""""""""""""""""""""""""""""""""""""""""""""""""""""""""""""""""""""""""""""""""""""""""""""""""""""""""""""""""""""""""""""""""""""""""""""""""""""""""""""""""""""""""""""""""""""""""""""""""""""""""""""""""""""""""""""""""""""""""""""""""""""""""""""""""""""""""""""""""""""""""""""""""""""""""""""""""""""""""""""""""""""""""""""""""""""""""""""""""""""""""""""""""""""""""""""""""""""""""""""""""""""""""""""""""""""""""""""""""""""""""""""""""""""""""""""""""""""""""""""""""""""""""""""""""""""""""""""""""""""""""""""""""""""""""""""""""""""""""""""""""""""""""""""""""""""""""""""""""""""""""""
31,"If $x + y + z = 0 = and $(x+y)(y+z)= -20 =, set the value for $xyz = 0 = = = $x+ y = = = = = = = = = = = = = = = = = = = = = = = = = = = = = = = = = = = = = = = = = = = = = = = = = = = = = = = = = = = = = = = = = = = = = = = = = = = = = = = = = = = = = = = and = = = = = = = = = = = = = = = = (y+ = = = = = = = = = = = = = = = and = ( y = = = = = = ( y = = = = = = = = = = = = and = ( y = ( y + + + = = = = + = and = = + = ( y = ( y + = + + + + + + + + + + }) and = and = ( y = ( y = ( y = ( y = ( y + + + =) and = ( y = (y = (y =) and }) and = ( y = ( y + = (y }) and = (y = (y + = (y =) = (y =)) and = ("
32,\frac{2}{3} + frac{3}{3^2} \frac{3^}{3}{3^}{3}{3}} \frac{3}{3}} \dots = \dots = $$\frac{a}{a}{b}}} = = \fac{3}{b}}} + \fac{a}{3}{b}} = where $a$ and $b $b + + + b + + + + + + + + + + + b + + + + + + + + + + + + + + b + + + + + + + + + b} + + + + + + + + + + + + + + + + + + + + b} + + + + + + + + + + + + + + + + + + + + + + + + + + + + + + + + + = + + + + + + + + + + + + + + + + + + + + + + + + + + + = + + + + + + + + + + + + + + + + + + + + + + + + + + + + + + + + + + + + + + + + + a + + + + + + + + + + + + + + + + + + + + + + + a
33,"$S ={2, 6, 12, 24, 25, 30, 40\ } is a list of all substrates consisting of 4 elements. What is the sum of the maximum number of subsets in each list?"
34,= 0f= 0$lf(1) = %1$f(n) = f(n-1) - f(n) = f(n) + f(1) + f(f) + f(2024) ++f(2024).
35,"Payal decided to paint a portion of the yard in front of his house. He went 12 meters straight out of the door, then went back to the right. Then he came back to the door. The field that was formed would be painted. If you need 1 colour box per 6 square meter area, how many colour boxes should be used to paint the entire field?"
36,"The suffix holds a magic box where some money can be recovered from the box at the end of the day. If he put Rs 1 in the box one day at the end of the first day, Rs 3 at the end of the first day, 5 at the end of the second day, thus depositing his total of $7 in the end of 17 days. He deposits all the money in the box. The next day he gets the same amount of $X $ and L.C.gu of 500. How much money he currently has?"
37,"""""""-1+2-3+4-5+6-7+8... What is the sum of the first 100 verses of the section?"""""""
38,"If the average of two positive integers is 16 and the difference is 4, what is the product of the two numbers?"
39,"Emon is locked in a glass sphere. Standing with the surface of the sphere, he holds a laser light as if it turns into a fixed angle before the sphere. If $60 = 60 circ $, the light turns back to Immon with 2 times on the surface of the sphere. $A = 20  = 20 > The light will turn back to Imn with the lowest turn?"
40,Find out the number of two numbers that are divisible by the sum of their numbers and the single local number of numbers is 1. What is the sum of the numbers?
41,"A dragon burns 5 trees per 10th minute. Majeed and Imon are standing with two warrior guns. Majed can shoot at every 3 minutes and Emon every 13 minutes. The problem is that if the dragon does not shoot at the same time, the dragon is not hit. If the dragon is hit by two times, how many trees have the dragon burned?"
42,How many different three-colors in form (A and B can be the same number)
43,"A positive integer has $n$ of number. If the number is square, the number is $n+8$. If the number is square, then the value is $n$8$. If the number is square, the value is $n - k$."
44,"A' is a six-digit number. At the end of 'a', a number of 'b' can be found with a seven-digit number of 'c' by writing 'a'. At the beginning of 'a', a number of 'c' can be found. If 3c = b, then what is the value of 'a'?"
45,"The 4 cm diameter and 7 cm height of a cylinder-shaped coffee cup have a cup of coffee at a point $A $0. On the top side of the coffee cup, there is a cup of coffee. The $B $A$ to $B $2 $2 $2."
46,The final score is 3-2 in a football match. How much can the score at half time be as if the score is always scored 1?
47,"How many serial tuples can be found (a, b, c, d) $5 (ad - bc + 2024), where $a, b, c, d \in \{0,1, 2, 3... }?"
48,"Tahmis has $1,2, 3, 5, 7, 9, 9$s. He uses these numbers to increase the number of numbers as many as possible. His numbers are likely to be $\frac{M}{N} $ where $M, $N $2, $2, $2, $2, $1. So, calculate the value of $M + n $."
49,"Saif likes to make new inventions on mathematics. He invented a new operator like Yoga, minus, multiplication, share. The operator named the diamond operator (\diamond$). The diamond operator is a diamond operator in the middle of the two numbers, giving the number of sum and minus outputs. For example: $5 = 5 + 3 (5 + 3). So, how much can you get if you get the value of the $12 \dmond1 \dmond 2?"
50,"$34, 35, 37, 40 \dots $ determine the next position in the sequence."
51,"$x$ and $y are two positive integers. $xy = 1986 = and $x = $x = and $y = L.S.gu, the number is not equal to either. Set the maximum value of $x + y."
52,"In a family, 6 kg rice is cooked in 9 days for 8 (eight) members. If there are 4 guests in the house for 15 days, how much rice is required for 15 days?"
53,"Chingku created a machine where each letter shows the number of sequences in which an English word (not necessarily necessary) input indicates the number of letters in a series as well as the output. For example, when the input is 123, the input output is 424524. It is possible for chinquo to provide a total number of words inputs so that the output comes from 21121?"
54,"There are many positive integers whose sum of numbers is 12, the average of numbers 2 and all numbers are non-zero?"
55,"You have an infinite number of Rs.2,3 and 4 notes. You have to buy a pen worth 12 rupees. Using those notes, how much can you buy that pen?"
56,"There are 2 candidates in the class captain's selection, 40 students in the classroom."
57,"Anupam has a magic box, where the next day the number becomes equal to the square of the number. Anupam loves to play with that box. He puts 23 in the box on the first day and leaves the rest of the number after the number he gets the next day and keeps the remaining number in the box again. If you do this every day, what number will he put in the box on the next day?"
58,(n factoryial) (n) is the product of all integers from 1 to n. Arif added 3 to a number of factories and saw that it was a full-scale number. What is the maximum number of Arif's chosen numbers?
59,"Tahmid wrote a positive integer on the board. Each number is divided by 2 and the number 666. If the number of tahmids is the smallest of the possible numbers, how many are there in the number 2?"
60,What would be the sum if you added thirty-three to a thousand seventy-seven?
61,The sum of the two primes is 7. What is the product of the two numbers?
62,"An integer is 2,3,5 and 7 and each of these is done twice. The number is not divisible by any of its own numbers. What is the lowest value of the number?"
63,"A quadrangular diprmidian shape was found by adding the center of the surfaces of a balanced cube. The ratio of the volume and volume of the cube is $m/n, where $m$, $n $ mutually agreed. Now determine the value of $m + n."
64,"= 2f(x) + 2f(x) + f(x) + f(x) = x^2x = from 1 to 2024, for which $x = 2f(x) = both integers?"
65,"Which of the lowest square numbers is divided by 35, 48 and 63?"
66,"Majed likes to invent new inventions with mathematics. He invented a new operator like Yoga-biog-quality-part. The operator named the diamond operator (\diamond =). Diamond operator is a diamond operator in the middle of two numbers. For example, $5 \diamond 3 = (5+3) \times (5-3) (5-3) = 5. So, how much do you get for Majed $ (9 \Diamond 7) $5?"
67,"In one of the 16 players' chess tournaments each play 3 times each with each other. If half of the contestants are dropped in each round, how many matches will be played in the tournament winning election?"
68,"If you add a positive integer to 350, the number will be a full square number? (A full-square number is a positive integer that can be expressed in the form of an integer and the result of the same integer.)"
69,"In February, the month of February is thirty-nine days of the year. The probability of having a lip year is $$$\frac{a}{b}}$1. determine the lowest value of a + b."
70,The length of the sides of the two square sides is 5 and 9 respectively. What is the difference between the range of the largest square and the smallest square?
71,"\sqrt{a + b} + sqrt{c + d} = \sqrt{650} = \sqrt{b}} = $a$, $b$, $c$, $d + b + c + d'."
72,"If $f(x) = 256^{2^{(x+1)}}}$, then determine the value of $\prod_{i=1}^{\infly} f(i) =."
73,"For the lowest odd value of $n $0244^3$225^n - 2024n - $234? (Where, $n > %1)"
74,"How many elementary numbers can be found than 100, whose minusparity will be a prime number?"
75,"If = 3$ and $r \r = \prod_{i=0}^{6}^{6}=a\times rhi] = c^d\\t} determine the value of $c$c- d =. $\c\. \sgma =, \prod{i=1}^{4}=2times i) = 2times 4 \times 6 \time \s 8\\"
76,"A circle of triangular triangles is drawn, with a radius of 10. If the perpendicular distance between the sides of the tragium is 12 then, what is the maximum possible area of the tragium?"
77,"1, 2, 7, how many double-digit numbers can be made using only once?"
78,The price of a book is Tk 76. You bought the book for 25%. How much money did you buy?
79,"Jyoti's experiments have six questions and he has 6 answers but he doesn't know what the answer to the question. He will get the right answer from six answers he has with each question. In that test, the probability of his getting 0 can be expressed in the form of b, where a, b, b, a + b."
80,"Find out how many integer ks out of 1 to 100 (including 1 and 100), all manufacturers whose product can be written as $k^{\refrac{9}{2}}}}\."
81,"We'll call a magic number, if any integer $n is expressed in the form of + + n^, the number can be divided by only two numbers. Find out the sum of the smaller magic numbers than 2024."
82,"If 6789 is divided by 43, how much is the fourth room of the decimal?"
83,"Manisha buys a 256-page notebook. The first day, she marks the pencil on each page, and removes the stain on the second page of the manisha. The next day, the tanna marks on the third page again, and the manisha removes marks on the fourth page. Thus, for 128 days, it continues to stains and deletions. At the end of 128 days, how many pages of notebooks are still on the page?"
84,The average number of students obtained in one test was 90. The average number of students was increased by a student's correction.
85,If the number 202324+20242025 is divided by 6 then what will be the remainder?
86,"If the largest angle of a triangle is 80 C, determine the lowest possible value of the smallest angle."
87,"A point B on AC diameter is like AB < AC. A point on D, AC's center and E, BC, is perpendicular to ED, AC. If AC = 20, what is the maximum area of the triangle BDE?"
88,"At the beginning of a tree's life there is a page. At any time, any leaves are destroyed and there are two unique pulses, each having one leaves. Thus the number of leaves is 7. How can the tree go to that stage?"
89,"$w, $x, $z $z is like four odd numbers $w! x! = 10! = 10! = $wxyz = $*."
90,"The three angles of a triangle are $4x - 8$, $3x 7 and $6 + 6 $ respectively. Know the difference between the largest and smallest angles."
91,"= n = n = square of the number of numbers. $f_2(n) = f(f(n), f3(n) = f(f(f(n), f_4(n), = f(f(f(f(f(n)),... $f_{20}}= = f(f(n), = = = f(f(f(f(n)}}}}}?"
92,"Imon has a massive solid cylinder in a single radius of 6561. He wants to cut the cylinder out of the cylinder as if there is a single solid cylinder at the end, and a few pipes that can be found after cutting are gradually one-third of the surface. If the pipe and cylinder radius are integers, then how many pipes can be found?"
93,"The average of 30 positive integers is 40 and the average of 40 positive integers is 12. So, then, define the average of 70 integers."
94,"If n number of serial integers are divisible by n, n will be called a magic number. How many magic numbers do you have between 1 and 2024?"
95,"In a box there are some red and blue balls. If another red ball is added, the probability of getting a red ball becomes equal to the possibility of a blue ball. If three blue balls are added, the probability of a blue ball getting a red ball is doubled. How many balls are there in the box?"
96,"An integer of a four-digit number is voltageed by 11. The last two digits of the number are placed in front of it by 4. For example, if the number is $bcd$, the number will be $cdb$4. The sum of potential numbers will be reduced by 6. (e.g., a number of such numbers are 7271, which is volatile by 11). The number is 7722, which is the difference between the first and the last two digits by 4 and 7271)"
97,"How many positive integers are there who are manufacturers of at least one of these numbers of $22^{12}, 14^{12} and 18^9$?"
98,"If the sum of 3 serial integers is 216, what is the smallest number?"
99,"The magician gave you a number of pens on the first day, and the magician gave you double number of pens a day before."
