,ID,Problem,Translated_Problem
0,0,একটি কেক-কে সরলরৈখিকভাবে 2 বার কেটে সর্বোচ্চ কত ভাগে ভাগ করা যাবে?,How much of a cake can be cut into 2 times straight linearly?
1,1,"একটি পুকুরের উপর 100 টি পাথর রাখা আছে। প্রথমে একটি ব্যাঙ 1, 2, 3,..., 99, 100 তম পাথরে লাফ দিয়ে পুকুরটি পার হলো। দ্বিতীয় ব্যাঙ 2,4,6,.. 98,100 তম পাথরে লাফ দিয়ে পুকুরটি পার হলো। তৃতীয় ব্যাঙ 3,6,9,.... 99 তম পাথরে লাফ দিয়ে পুকুরটি পার হলো। 100 টি ব্যাঙ এভাবে লাফ দিলো। কতটি পাথরের উপর বিজোড় সংখ্যক ব্যাঙ লাফ দিয়েছে?","The pond has 100 stones on top of a pond. First one frog 1, 2, 3, 99, 100th stone jumps through the pond. The second frog jumps into the pond with a jump of 2,4,6,... 98,100th stone. The third frog jumps over 3,6,9,... 99."
2,2,"ধরো $f(x) = x^{67-x^{67-x^{67-\dots}}}$, যেখানে $x \neq 0$, যদি $f(n) = 64$ হয়, তাহলে $n^n$ কে 11 দিয়ে ভাগ করলে কত ভাগশেষ থাকবে?","Suppose $f(x) = x^{67-X^{67-\dots}}} =, where $x \nq = 64 =, then how much remains if $n^= 11 divided by $11?"
3,3,"সামিন ও স্বর্গ গণনার জন্য শুধু 0 আর 1 ব্যবহার করে। অন্য কোনো অঙ্ক তারা চিনে না। সামিনের কাছে 2024 অঙ্কের একটি সংখ্যা আছে, যার সবগুলো অঙ্কই 1। সামিন সে সংখ্যাটিকে বর্গ করে স্বর্গকে দিল এবং স্বর্গ তা থেকে 1 বিয়োগ করে তোমাকে দিল। তোমার কাছে থাকা সংখ্যাটিতে কয়টি 1 আছে?","Samin uses only 0 and 1 for the calculation of the heavens. No other figures they don't know. Samin has a number of 2024 numbers, all of which are 1. Samin gives the number squarely to the heavens and the heaven has given you 1 minus it. How many 1 is there in the number you have?"
4,4,"A, B, C তিনটি স্ট্যান্ড। A স্ট্যান্ড থেকে 2 টি ডিস্ক B স্ট্যান্ডে সরাতে 3 টি মুভ, 3 টি ডিস্ক থাকলে 7 টি মুভ, 4 টি ডিস্ক থাকলে 15 টি মুভ লাগে। তাহলে A স্ট্যান্ড থেকে 10 টি ডিস্ক B স্ট্যান্ডে সরাতে কয়টি মুভ লাগে?","A, B, C, three stands. 3 moves from A stand to 2 disk B stand, 7 moves if 3 disks, 15 moves if 4 disks. So how many moves do you need to move from A stand to 10 disc B stand?"
5,5,a এর কোন মানের জন্য \(x^2 + 4x + 8y + 4xy + 4y^2 + axyz\) বিভাজ্য হবে \(x + 2y\) দ্বারা ?,For any value of a (x^2+4x+8y+4y2+ 4y^2 + Axiz\) shall be divisible by (x+2y\)?
6,6,"একটা ঘড়ি অদ্ভুতভাবে নষ্ট হয়ে গেল। রাত এগারোটা বাজার পর প্রতিবার ঘন্টার কাঁটা একবার সম্পূর্ণ ঘুরে আসলে ঘড়ির গতি অর্ধেক হয়ে যায়। ঠিক যেই মুহূর্তে ঘড়িটার অবস্থা এমন হবে, যে এক মিনিট অতিবাহিত হতে 2024 মিনিটের বেশি সময় লাগবে, তখন ঘড়িতে কয়টা বাজবে?","""""""It's a strange clock,"""" said the clock, """"and the clock is almost half past eleven o'clock in the evening and the clock is half half the time it's going to take for a minute to take more than 2024 minutes."""""""
7,7,"তিন বন্ধু শাহরিয়ার, সাকিব আর সাদিয়া। শাহরিয়ারের কাছে 1 থেকে 10 পর্যন্ত সকল পূর্ণসংখ্যা আছে। সাকিবের কাছে 11 থেকে 20 পর্যন্ত সকল পূর্ণসংখ্যা আছে। সাদিয়ার কাছে 21 থেকে 30 পর্যন্ত সকল পূর্ণসংখ্যা আছে। মিথিলা প্রত্যেক বন্ধুর কাছ থেকে এমনভাবে 1 টি করে সংখ্যা নিতে চায় যেন সংখ্যা তিনটির যোগফল 3 দ্বারা বিভাজ্য হয়। মিথিলা কতভাবে ঐ সংখ্যা তিনটি নিতে পারবে?","Three friends Shahriar, Shakib and Sadia. Shahriar has all integers from 1 to 10. Shakib has all integers from 11 to 20 years. Sadia has all integers from 21 to 30. Mithila wants to take 1 number from every friend in such a way that the sum of three is divided by 3. How can Mithila take that number?"
8,8,"A হলো B এর 70\%, B হলো C এর 50\%, C হলো D এর 40\%। তাহলে A, D এর কত শতাংশ?","A is 70% of B, B is 50% of C, C is 40% of D. So, how much of A, D?"
9,9,"একটি ড্রাগন প্রতি 10 তম মিনিটে 5 টা গাছ পুড়িয়ে দেয়। মাজেদ এবং ইমন- দুজন যোদ্ধা বন্দুক হাতে দাঁড়িয়ে আছে। মাজেদ প্রতি 6 মিনিটে এবং ইমন প্রতি 14 মিনিটে গুলি করতে পারে। সমস্যা হচ্ছে, দুজন একই সাথে গুলি না করলে ড্রাগন টি আঘাত প্রাপ্ত হয় না। যদি 3 বার আঘাত প্রাপ্ত হয়ে ড্রাগনটি উড়ে যায়, তাহলে ড্রাগনটি মোট কতগুলো গাছ পুড়িয়ে ফেলেছে?","A dragon burns 5 trees every 10th minute. Majeed and Imon-two fighters stand in arms. Majed can shoot every six minutes and Emon every 14 minutes. The problem is that if the dragon does not shoot at the same time, the dragon is not hit. If the dragon is hit by three times, how many trees have the dragon burned?"
10,10,"দুইটি ক্রমিক ধনাত্মক পূর্ণসংখ্যার গুণফল 10712 হলে, ছোট সংখ্যাটির উৎপাদক কয়টি?","If there are two consecutive positive integers, how many are the producers of the small number?"
11,11,$k$-এর সর্বনিম্ন কোন মানের জন্য $\sqrt{70 \times k!}$ একটি পূর্ণসংখ্যা হয়?,$sqrt{70 \times k!} is an integer for the lowest value of $k=$k=70 \times k!}?
12,12,"বাদশাহ শাহরিয়ারকে তাঁর বেগম শেহেরজাদ প্রতিরাতে একটি করে মোট 1001 টি গল্প শুনিয়েছিলেন, যা আরব্য রজনীর গল্প নামে পরিচিত। যদি শেহেরজাদ প্রতি রাতে একটি করে গল্প না শুনিয়ে $k$-তম রাতে $\gcd(k, 101)$ টি গল্প শোনাতেন, তাহলে এই 1001টি রজনীর সবগুলো গল্প মিলিয়ে মোট কতোগুলো গল্প হতো? (এখানে, $\gcd(k,101)$ হলো $k$ ও 101 এর গসাগু)","King Shahriar told a total of 1001 stories by his Begum Sheherzad Prakra. If Sheherzad didn't tell a story every night $k$$k$101 per night, how many of these 1001 stories would have been told? (Here, $gcd (k,101) is $1, $1, and ghsagu of 201)"
13,13,"যদি পায়েল তার মোবাইল ফোনে 3 অঙ্কবিশিষ্ট পাসওয়ার্ড দিতে চায়, তাহলে পায়েল কতগুলো ভিন্ন উপায়ে পাসওয়ার্ড দিতে পারবে?","If Payal wants to provide a 3-digit password to his mobile phone, how many different ways can Payal provide passwords?"
14,14,"$1 - \left(\frac{3!}{2! \times 1! \times 2^1}\right) + \left(\frac{4!}{2! \times 2! \times 2^2}\right) - \left(\frac{5!}{2! \times 3! \times 2^3}\right) + \dots$ ধারাটির অসীমতক সমষ্টিকে $\frac{m}{n}$ আকারে প্রকাশ করা গেলে, $m \times n$ এর মান নির্ণয় করো। (যেখানে $m$, $n$ পরস্পর সহমৌলিক)","\left(\frac{3}}{2!\times 1!\times 2^1}\right) \left(\frac{4!}{2}\right)\times 2.\times 2.2}\righttimes 3.\times 2^3}\right) \times \drac{m}{n}===n}}=right, \m\times =n}======right) \m\times n = = = = = = = = = = = = = = = = = = = = = = = = = = = = = = = = = = = = = = = = = = = = = = = = = = = = = = = = = = = = = = = = = = = = = = = = = = = = = = = = = = = = = = = = = = = = = = = = = = = = = = = = = = = = }"
15,15,"একটি $5 \times 5$ দাবাবোর্ডে কতভাবে দুইটি হাতি (Bishop) বসানো যাবে যেন তারা একটিমাত্র চালে একে অপরকে আক্রমণ না করে? (উল্লেখ্য, দাবাবোর্ডে হাতি কোণাকুণি পথে যেকোনো সংখ্যক ঘর অতিক্রম করতে পারে।)",How much two elephants can be placed on a $5-times 5$ chessboard so that they don't attack each other in one game? (Note that the elephant can cross any number of houses on the side.)
16,16,"ধরো, $f: N \to R$ যেখানে $f(x) = \log_{2024}{x}$। তাহলে $k$ এর সর্বনিম্ন মান নির্ণয় করো, যখন $ \sum_{n = 1}^{k} f(n) \geq 2 $","Hold $f: \n \t\t R$ where $f(x) =log_{2024}{x}=. So determine the minimum value of $k$, when $sum_{n = 1}^{k} f(n)gqu"
17,17,"এমন কতগুলো ক্রমজোড় $(a, b)$ সম্ভব, যেন $gcd(a, b) + lcm(a, b) = 2023$ হয়?","How many sequences can be $(a, b)= $gcd(a, b) + lycm(a, b) = 2023 =?"
18,18,$\frac{1+3+5+\dots+(2n+1)}{\frac{1}{2} + \frac{1}{6} + \frac{1}{12} + \dots + \frac{1}{342}} = 342$. $n$ এর মান নির্ণয় করো।,\ferac{1+3+5+\dots+(2n+1)}{{2} \ferac{1}}{6} + frac{1}{12} \dots \frac{312} = 342. = = $n = 0.
19,19,"1,2,3,4 অংকগুলো একবারমাত্র ব্যাবহার করে কতগুলো 3 অঙ্ক বিশিষ্ট সংখ্যা বানানো যায়?","How many 3-digit numbers can be made using only 1,2,3,4?"
20,20,"4 সে.মি. ব্যাস ও 9 সে.মি. উচ্চতাবিশিষ্ট একটি সিলিন্ডার আকৃতির কফি কাপের উপরের ধারে $A$ বিন্দুতে এক ফোঁটা কফি রয়েছে। কফি কাপের নিচে $B$ বিন্দুটি $A$ এর ঠিক বিপরীত পাশে এমনভাবে অবস্থিত যেন $A$ থেকে $B$ বিন্দুর ত্রিমাত্রিক দূরত্ব সর্বোচ্চ হয়। কফির ফোঁটাটি $A$ হতে $B$ বিন্দুতে কাপের পৃষ্ঠ দিয়ে সর্বনিম্ন $\sqrt{a\pi^2 + b}$ সে.মি. দুরত্ব অতিক্রম করলে, $a + b$ এর মান নির্ণয় করো।","The 4 cm diameter and 9 cm height of a cylinder-shaped coffee cup have a cup of coffee at a point $A $0. On the top side of the coffee cup, there is a cup of coffee. The $B $A$ to $B $2 $2 $2."
21,21,"4 টি কলার দাম 32 টাকা হলে, 1 ডজন কলার দাম নির্ণয় করো।","If the price of 4 bananas is Tk 32, calculate the price of 1 dozen bananas."
22,22,"নিলয় লাল ও নীল রঙের দুইটি ছক্কা ফেললো যাদের প্রতিটির 6 টি পার্শ্ব আছে এবং পার্শ্বগুলোতে 1-6 পর্যন্ত সংখ্যা লেখা আছে। নিলয় ছক্কা নিক্ষেপের পরে দুইটি ছক্কা থেকে প্রাপ্ত দুটি সংখ্যাকে যোগ করে মৌলিক সংখ্যা পেলে ঐ জোড়াকে ""চমৎকার জোড়া"" বলে। নিলয় কতটি ""চমৎকার জোড়া"" পেতে পারে?","""Niloy strikes two sixes of red and blue, each having six sides and a number of 196 on the sides, adding two numbers from two sixes after the throw of the six."""""""
23,23,"$x^2 + 45y - 2025 = 0$ এবং $y^2 - 45x - 2025 = 0$ সমীকরণজোটের চারটি বাস্তব সমাধান $(x_1, y_1), (x_2, y_2), (x_3, y_3)$ এবং $(x_4, y_4)$, যেখানে $x_1 > x_2 > x_3 > x_4$ এবং $y_2 > y_3 > y_4 > y_1$। যদি $x_1 + y_2$ কে $(a + b \cdot \sqrt{c})/d$ আকারে প্রকাশ করা যায়, তাহলে $a+b+c+d$ এর মান নির্ণয় করো।","$X^2 + 455 = 2025 = 0$2 and $5x - 2025 = 0$255 = 0(x_1, y_1), (x_3, y_2), (x-3, y_4) =, where $x_2 > x_2 > x-3 > x-4 > x-4 > x-4 > x-4 > x-4 > y_= y_= y_= y_= y_= y_= y_== y_== y_= y_=== (a + b \ct\ct\sqt\ct_}/d = = = = = = = = = = = = = \c} = = \ct\ct\d\ct\ct} = \d/d, = = = = = = = = = = = = = = \c} = = = = = = = = = = = \c} \c} = = \c} = = \c} = = = = = = \c} \ \ \ \ct_qct_qct} = = = = = = = = = = = = = = = = = = = = = = = = = \ \ \ \ \ = = = = = \c_c_c_c} = = = = = = = = = = = = = = = = = = = = = = = = = = = \c} \c} \c} \c} \c} \c} = = = = \g, \c} \"
24,24,একটি হলরুমে সর্বনিম্ন কত জন থাকলে নিশ্চিত ভাবে বলা যাবে তাদের মধ্যে সর্বনিম্ন 13 জন একই মাসে জন্মগ্রহণ করেছেন?,How many people in a hall room can be sure that the minimum of these 13 of them were born in the same month?
25,25,"এমন একটি ধনাত্মক পূর্ণসংখ্যা \( n \) বিবেচনা করো যেনো \( n! \) হবে \( 2^{3072} \), \( 3^{2048} \) ও \( 5^{1024} \) দ্বারা নিঃশেষে বিভাজ্য সংখ্যাগুলোর মধ্যে সর্বনিম্ন। \( n \) এর মান নির্ণয় করো।  [যেকোনো ধনাত্মক পূর্ণসংখ্যা k এর জন্য, \( k! = 1 \times 2 \times 3 \times 4 \times \dots \times (k - 1) \times k \) ]","Consider (n\t) a positive integer (n! \t\t) \t\t} (2^{3072} \), \(3^{2048} \) and \(5^{1024} \) \\"""""""""""""""""""""""""""""""""""""""""""""""""""""""""""""""""""""""""""""""""""""""""""""""""""""""""""""""""""""""""""""""""""""""""""""""""""""""""""""""""""""""""""""""""""""""""""""""""""""""""""""""""""""""""""""""""""""""""""""""""""""""""""""""""""""""""""""""""""""""""""""""""""""""""""""""""""""""""""""""""""""""""""""""""""""""""""""""""""""""""""""""""""""""""""""""""""""""""""""""""""""""""""""""""""""""""""""""""""""""""""""""""""""""""""""""""""""""""""""""""""""""""""""""""""""""""""""""""""""""""""""""""""""""""""""""""""""""""""""""""""""""""""""""""""""""""""""""""""""""""""""""""""""""""""""""""""""""""""""""""""""""""""""""""""""""""""""""""""""""""""""""""""""""""""""""""""""""""""""""""""""""""""""""""""""""""""""""""""""""""""""""""""""""""""""""""""""""""""""""""""""""""""""""""""""""""""""""""""""""""""""""""""""""""""""""""""""""""""""""""""""""""""""""""
26,26,"$x$, $y$ এবং $z$ এমন বাস্তব সংখ্যা যেন $(4^x +1)(4^y + 8)(4^z + 32) = 2^{x + y + z + 7}$ হয়। $x + y+ z$ এর মান নির্ণয় করো।","$x = $x, $y = and $z = such a real number as $4^x+1)(4^0 + 32) = 2^{x + y + + 7 } = $x + y + z = = = $X + y = = = = = = = = = = = = = = = = = = = $ x = = = = = = = = = = = = = = = = = = = }"
27,27,"3 অঙ্কবিশিষ্ট একটি সংখ্যার সামনে '6' অঙ্কটি লেখা হল। নতুন 4 অঙ্কের সংখ্যাটির দ্বিগুণ, প্রথম সংখ্যাটির 50 গুণ হলে, 3 অঙ্কবিশিষ্ট সংখ্যাটি নির্ণয় করো।","The number '6' is written in front of a number with a number of 3 numbers. The number of numbers in the new number is twice the number, if the first number is 50 times the number."
28,28,"দুই ভাইয়ের বয়সের পার্থক্য 5 বছর। বর্তমানে বড় ভাইয়ের বয়স 24 বছর হলে, 10 বছর পর ছোট ভাইয়ের বয়স কত হবে?","The difference between the two brothers is 5 years old. Now, when the older brother is 24 years old, how old is the younger brother after 10 years?"
29,29,"একটি ধারার $n$ তম পদ হতে $(n - 1)$ তম পদের বিয়োগফলকে পদ দুইটির গুণফল থেকে বিয়োগ করলে $(n + 1)$ তম পদ পাওয়া যায়। ধারাটির প্রথম দুইটি পদ 1 ও 2 হলে, 999 তম পদ নির্ণয় করো।","A subtraction of the $n(n 1)= 1th of a section can be found $$1 = 1. If the first two terms of the section are 1 and 2, determine the terms 999th."
30,30,"$\lceil {\frac{n+(n+1)}{n+2}} \rceil + \lceil {\frac{(n + 1) + (n + 2)}{(n + 3)}} \rceil + \lceil {\frac{(n + 2) + (n + 3)}{n + 4}} \rceil + \dots + \lceil {\frac{(n+m-2)+(n+m-1)}{n+m}} \rceil =201$, যেখানে $0 < n < 1$। $m$ এর মান নির্ণয় কর। 
$\lceil \rceil$ দ্বারা সিলিং ফাংশন বুঝায়, যার মান কোনো দশমিক সংখ্যার পরবর্তী পূর্ণসংখ্যা বুঝায়। যেমন, $\left\lceil {2.1} \right\rceil = 3, \left\lceil {3} \right\rceil = 3, \left\lceil {2.6} \right\rceil = 3$","+Creil +(n+m-11){n+2} \rcyl +(n + 1) +(n + 1) + (n + 2)} \cricil +(n + 3) + \clipifac{n + 3) + 4}{n + 3) \cel =(n+m-1) \rcil = [n+m} = (n+m-1} } = = = 20 = = = = = $0 = = = = = = = = + \l = = \l = \l = \"""""""""""""""""""""""""""""""""""""" \"""""""""""""""""""""""""""""""""""""""""""""""""""""""""""""""""""""""""""""""""""""""""""""""""""""""""""""""""""""""""""""""""""""""""""""""""""""""""""""""""""""""""""""""""""""""""""""""""""""""""""""""""""""""""""""""""""""""""""""""""""""""""""""""""""""""""""""""""""""""""""""""""""""""""""""""""""""""""""""""""""""""""""""""""""""""""""""""""""""""""""""""""""""""""""""""""""""""""""""""""""""""""""""""""""""""""""""""""""""""""""""""""""""""""""""""""""""""""""""""""""""""""""""""""""""""""""""""""""""""""""""""""""""""""""""""""""""""""""""""""""""""""""""""""""""""""""""""""""""""""""""""""""""""""""""""""""""""""""""""
31,31,"$x + y + z = 0$ এবং $(x+y)(y+z)(z+x) = -20$ হলে, $xyz$ এর মান নির্ণয় করো।","If $x + y + z = 0 = and $(x+y)(y+z)= -20 =, set the value for $xyz = 0 = = = $x+ y = = = = = = = = = = = = = = = = = = = = = = = = = = = = = = = = = = = = = = = = = = = = = = = = = = = = = = = = = = = = = = = = = = = = = = = = = = = = = = = = = = = = = = = and = = = = = = = = = = = = = = = = (y+ = = = = = = = = = = = = = = = and = ( y = = = = = = ( y = = = = = = = = = = = = and = ( y = ( y + + + = = = = + = and = = + = ( y = ( y + = + + + + + + + + + + }) and = and = ( y = ( y = ( y = ( y = ( y + + + =) and = ( y = (y = (y =) and }) and = ( y = ( y + = (y }) and = (y = (y + = (y =) = (y =)) and = ("
32,32,"$\frac{2}{3} + \frac{3}{3^2} + \frac{2}{3^3} + \frac{3}{3^4} + \frac{2}{3^5} + \frac{3}{3^6} + \dots$ 
প্রদত্ত ধারাটির যোগফলকে $\frac{a}{b}$ আকারে প্রকাশ করা যায়, যেখানে $a$ ও $b$ পরস্পর সহমৌলিক সংখ্যা। $a + b$ এর মান নির্ণয় করো।",\frac{2}{3} + frac{3}{3^2} \frac{3^}{3}{3^}{3}{3}} \frac{3}{3}} \dots = \dots = $$\frac{a}{a}{b}}} = = \fac{3}{b}}} + \fac{a}{3}{b}} = where $a$ and $b $b + + + b + + + + + + + + + + + b + + + + + + + + + + + + + + b + + + + + + + + + b} + + + + + + + + + + + + + + + + + + + + b} + + + + + + + + + + + + + + + + + + + + + + + + + + + + + + + + + = + + + + + + + + + + + + + + + + + + + + + + + + + + + = + + + + + + + + + + + + + + + + + + + + + + + + + + + + + + + + + + + + + + + + + a + + + + + + + + + + + + + + + + + + + + + + + a
33,33,"$S = \{2, 6, 12, 24, 25, 30, 40\}$ এর 4 টি করে উপাদান নিয়ে গঠিত সকল সাবসেটের তালিকা করা হলো। তালিকার প্রতিটি সাবসেটের সর্বোচ্চ সংখ্যাগুলোর যোগফল কত হবে?","$S ={2, 6, 12, 24, 25, 30, 40\ } is a list of all substrates consisting of 4 elements. What is the sum of the maximum number of subsets in each list?"
34,34,"$f(0) = 0$; $f(1) = 1$;
$f(n) = f(n - 1) - f(n - 2)$; 
$f(0) + f(1) + f(2) +...+f(2024)$ এর মান বের কর।",= 0f= 0$lf(1) = %1$f(n) = f(n-1) - f(n) = f(n) + f(1) + f(f) + f(2024) ++f(2024).
35,35,"পায়েল তার বাড়ির সামনের উঠানের কিছু অংশ রং করবে ঠিক করলো। সে দরজা থেকে বের হয়ে সোজা 12 মিটার গেলো, তারপর 6 মিটার ডান দিকে গেলো। অতঃপর সোজা দরজার কাছে ফিরে আসলো। এতে যে ক্ষেত্রটি তৈরি হলো, তার পুরোটা রং করা হবে। প্রতি 6 বর্গমিটার ক্ষেত্রফল রং করতে 1 টি রঙের বাক্স প্রয়োজন হলে, সম্পূর্ণ ক্ষেত্রটি রং করতে কয়টি রঙের বাক্স প্রয়োজন?","Payal decided to paint a portion of the yard in front of his house. He went 12 meters straight out of the door, then went back to the right. Then he came back to the door. The field that was formed would be painted. If you need 1 colour box per 6 square meter area, how many colour boxes should be used to paint the entire field?"
36,36,"প্রত্যয়ের কাছে একটি ম্যাজিক বক্স আছে যেখানে কিছু পরিমাণ টাকা রাখলে দিন শেষে বাক্স হতে 2 টাকা বেশি ফেরত পাওয়া যায়। সে কোন একদিন বক্সে 1 টাকা রাখলে প্রথম দিন শেষে 3 টাকা, দ্বিতীয় দিন শেষে 5 টাকা, এভাবে 17 দিন শেষে তার মোট টাকা হয় $x$ পরিমাণ। সে সব টাকা বক্সে জমা রাখে। পরের দিন সে $x$ এবং 500 এর ল.সা.গু এর সমপরিমাণ টাকা ফেরত পায়। তার কাছে বর্তমানে মোট কত টাকা আছে?","The suffix holds a magic box where some money can be recovered from the box at the end of the day. If he put Rs 1 in the box one day at the end of the first day, Rs 3 at the end of the first day, 5 at the end of the second day, thus depositing his total of $7 in the end of 17 days. He deposits all the money in the box. The next day he gets the same amount of $X $ and L.C.gu of 500. How much money he currently has?"
37,37,-1+2-3+4-5+6-7+8... ধারাটির প্রথম 100 টি পদের যোগফল কত?,"""""""-1+2-3+4-5+6-7+8... What is the sum of the first 100 verses of the section?"""""""
38,38,"দুইটি ধনাত্মক পূর্ণসংখ্যার গড় 16 এবং পার্থক্য 4 হলে, সংখ্যা দুইটির গুণফল কত হবে?","If the average of two positive integers is 16 and the difference is 4, what is the product of the two numbers?"
39,39,"ইমন একটি কাঁচের গোলকের ভিতর বন্দি। সে গোলকের পৃষ্ঠের সাথে দাঁড়িয়ে একটি লেজার লাইট এমনভাবে ধরলো যেন তা গোলকের ভিতরের পুর্বে একটি নির্দিষ্ট কোণে বাঁক হয়। যদি $a = 60^\circ$ হয়, তাহলে লাইটটি গোলকের পৃষ্ঠে 2 বার বাঁক নিয়ে ইমনের কাছে ফিরে আসে। $a = 20^\circ$ হলে লাইটটি সর্বনিম্ন কতবার বাঁক নিয়ে ইমনের কাছে ফিরে আসবে?","Emon is locked in a glass sphere. Standing with the surface of the sphere, he holds a laser light as if it turns into a fixed angle before the sphere. If $60 = 60 circ $, the light turns back to Immon with 2 times on the surface of the sphere. $A = 20  = 20 > The light will turn back to Imn with the lowest turn?"
40,40,"এমন দুই অংকের সংখ্যা নির্ণয় কর, যে সংখ্যাগুলো তাদের অংকগুলোর যোগফল দ্বারা নিঃশেষে বিভাজ্য এবং সংখ্যাগুলোর একক স্থানীয় অংক 1। সংখ্যাগুলোর যোগফল কত?",Find out the number of two numbers that are divisible by the sum of their numbers and the single local number of numbers is 1. What is the sum of the numbers?
41,41,"একটি ড্রাগন প্রতি 10 তম মিনিটে 5 টা গাছ পুড়িয়ে দেয়। মাজেদ এবং ইমন দুজন যোদ্ধা বন্দুক হাতে দাঁড়িয়ে আছে। মাজেদ প্রতি 3 মিনিটে এবং ইমন প্রতি 13 মিনিটে গুলি করতে পারে। সমস্যা হচ্ছে, দুজন একই সাথে গুলি না করলে ড্রাগন টি আঘাত প্রাপ্ত হয় না। যদি 2 বার আঘাত প্রাপ্ত হয়ে ড্রাগনটি উড়ে যায়, তাহলে ড্রাগনটি মোট কতগুলো গাছ পুড়িয়ে ফেলেছে?","A dragon burns 5 trees per 10th minute. Majeed and Imon are standing with two warrior guns. Majed can shoot at every 3 minutes and Emon every 13 minutes. The problem is that if the dragon does not shoot at the same time, the dragon is not hit. If the dragon is hit by two times, how many trees have the dragon burned?"
42,42,\( \overline{A5B} \) রূপের কয়টি ভিন্ন তিন-অঙ্কের সংখ্যা 4 দ্বারা বিভাজ্য? (A এবং B একই অঙ্ক হতে পারে),How many different three-colors in form (A and B can be the same number)
43,43,একটি ধনাত্মক পূর্ণবর্গসংখ্যায় $n$ টি অঙ্ক আছে। সংখ্যাটিকে বর্গ করা হলে সংখ্যাটির অঙ্ক সংখ্যা $n+8$ হয়। সংখ্যাটির বর্গমূলে $n - k$ সংখ্যক অঙ্ক থাকলে $k$ এর মান নির্ণয় করো।,"A positive integer has $n$ of number. If the number is square, the number is $n+8$. If the number is square, then the value is $n$8$. If the number is square, the value is $n - k$."
44,44,a' একটি ছয় অংকের সংখ্যা। 'a' এর শেষে 6 লিখে একটি সাত অংকের সংখ্যা 'b' পাওয়া যায়। 'a' এর শুরুতে 2 লিখে একটি সাত অংকের সংখ্যা 'c' পাওয়া যায়। যদি 3c = b হয় তবে 'a' এর মান কত?,"A' is a six-digit number. At the end of 'a', a number of 'b' can be found with a seven-digit number of 'c' by writing 'a'. At the beginning of 'a', a number of 'c' can be found. If 3c = b, then what is the value of 'a'?"
45,45,"4 সে.মি. ব্যাস ও 7 সে.মি. উচ্চতাবিশিষ্ট একটি সিলিন্ডার আকৃতির কফি কাপের উপরের ধারে $A$ বিন্দুতে এক ফোঁটা কফি রয়েছে। কফি কাপের নিচে $B$ বিন্দুটি $A$ এর ঠিক বিপরীত পাশে এমনভাবে অবস্থিত যেন $A$ থেকে $B$ বিন্দুর ত্রিমাত্রিক দূরত্ব সর্বোচ্চ হয়। কফির ফোঁটাটি $A$ হতে $B$ বিন্দুতে কাপের পৃষ্ঠ দিয়ে সর্বনিম্ন $\sqrt{a\pi^2 + b}$ সে.মি. দুরত্ব অতিক্রম করলে, $a + b$ এর মান নির্ণয় করো।","The 4 cm diameter and 7 cm height of a cylinder-shaped coffee cup have a cup of coffee at a point $A $0. On the top side of the coffee cup, there is a cup of coffee. The $B $A$ to $B $2 $2 $2."
46,46,একটি ফুটবল খেলায় ফাইনাল স্কোর 3-2। খেলার হাফটাইমে স্কোরগুলো কত রকম হতে পারে যেন সর্বদাই গোলের ব্যবধান 1 হয়?,The final score is 3-2 in a football match. How much can the score at half time be as if the score is always scored 1?
47,47,"কতগুলো ক্রমিক টাপল $(a, b, c, d)$ পাওয়া সম্ভব যেন $5 | (ad - bc + 2024)$, যেখানে $a, b, c, d \in \{0, 1, 2, 3... 24\}$?","How many serial tuples can be found (a, b, c, d) $5 (ad - bc + 2024), where $a, b, c, d \in \{0,1, 2, 3... }?"
48,48,"তাহমিদের কাছে $1, 2, 3, 5, 7, 9$ সংখ্যা গুলো আছে। সে এই সংখ্যা গুলো একবার করে ব্যবহার করে যতগুলো সম্ভব 6 অংকের সংখ্যা বানালো। তার বানানো সংখ্যা গুলোর মধ্যে $12$ দ্বারা বিভাজ্য সংখ্যা থাকার সম্ভাবনা $\frac{M}{N}$ যেখানে $M, N$ পরস্পর সহমৌলিক সংখ্যা। তাহলে, $M + N$ এর মান নির্ণয় কর।","Tahmis has $1,2, 3, 5, 7, 9, 9$s. He uses these numbers to increase the number of numbers as many as possible. His numbers are likely to be $\frac{M}{N} $ where $M, $N $2, $2, $2, $2, $1. So, calculate the value of $M + n $."
49,49,"সাইফ গণিত নিয়ে নতুন নতুন আবিষ্কার করতে খুব পছন্দ করে। সে যোগ, বিয়োগ, গুণ, ভাগের মতো নতুন একটি অপারেটর আবিষ্কার করলো। এই অপারেটরটির সে নাম দিল ডায়মন্ড অপারেটর ($\diamond$)। ডায়মন্ড অপারেটরের কাজ হলো দুইটি সংখ্যার মাঝখানে ডায়মন্ড অপারেটর দিলে, সংখ্যা দুইটির যোগফল ও বিয়োগফলের গুণফল পাওয়া যাবে। যেমনঃ $5 \diamond 3 = (5 + 3)(5 - 3)$। তাহলে একইভাবে সাইফ $ (12 \diamond 11) \diamond 2 $ এর মান বের করলে কত পাবে?","Saif likes to make new inventions on mathematics. He invented a new operator like Yoga, minus, multiplication, share. The operator named the diamond operator (\diamond$). The diamond operator is a diamond operator in the middle of the two numbers, giving the number of sum and minus outputs. For example: $5 = 5 + 3 (5 + 3). So, how much can you get if you get the value of the $12 \dmond1 \dmond 2?"
50,50,"$34, 35, 37, 40 \dots$ অনুক্রমটির পরবর্তী পদ নির্ণয় কর।","$34, 35, 37, 40 \dots $ determine the next position in the sequence."
51,51,"$x$ ও $y$ দুইটি ধনাত্মক পূর্ণসংখ্যা। $xy = 196$ এবং $x$ ও $y$ এর ল.সা.গু, সংখ্যা দুটির কোনোটির সমান নয়। $x + y$ এর সর্বোচ্চ মান নির্ণয় করো।","$x$ and $y are two positive integers. $xy = 1986 = and $x = $x = and $y = L.S.gu, the number is not equal to either. Set the maximum value of $x + y."
52,52,"একটি পরিবারে 8 (আট) জন সদস্যের জন্য 9 দিনে 6 কেজি চালের ভাত রান্না করা হয়। যদি ঐ বাড়িতে 4 জন অতিথি 15 দিন থাকে, তাহলে 15 দিনের জন্য মোট কত কেজি চালের প্রয়োজন হবে?","In a family, 6 kg rice is cooked in 9 days for 8 (eight) members. If there are 4 guests in the house for 15 days, how much rice is required for 15 days?"
53,53,"চিংকু একটা মেশিন বানিয়েছে, যেখানে একটা ইংরেজি শব্দ (অর্থপূর্ণ হওয়া জরুরি না) ইনপুট দিলে প্রতিটা অক্ষর ধারাবাহিকভাবে অক্ষরের ক্রমের যেই সংখ্যা নির্দেশ করে সেই সংখ্যাগুলো পাশাপাশি লিখে আউটপুট হিসেবে দেখায়। যেমন, ""abc"" ইনপুট দিলে আউটপুট আসে 123, ইনপুট ""dydx"" হলে আউটপুট হয় 425424। চিংকুর পক্ষে মোট কতগুলো শব্দ ইনপুট দেয়া সম্ভব যেন আউটপুট 212121 আসে?","Chingku created a machine where each letter shows the number of sequences in which an English word (not necessarily necessary) input indicates the number of letters in a series as well as the output. For example, when the input is 123, the input output is 424524. It is possible for chinquo to provide a total number of words inputs so that the output comes from 21121?"
54,54,"এমন কয়টি ধনাত্মক পূর্ণসংখ্যা রয়েছে যাদের অঙ্কগুলোর যোগফল 12, অঙ্কগুলোর গড় 2 এবং সকল অঙ্ক অশূন্য?","There are many positive integers whose sum of numbers is 12, the average of numbers 2 and all numbers are non-zero?"
55,55,"তোমার কাছে অসীম সংখ্যক 2,3 এবং 4 টাকার নোট রয়েছে। তোমাকে 12 টাকা মূল্যের একটি কলম কিনতে হবে। উক্ত নোটগুলি ব্যবহার করে ঠিক 12 টাকা দিয়ে তুমি কত উপায়ে ঐ কলমটি কিনতে পারবে?","You have an infinite number of Rs.2,3 and 4 notes. You have to buy a pen worth 12 rupees. Using those notes, how much can you buy that pen?"
56,56,ক্লাস ক্যাপ্টেন নির্বাচনে 2 জন প্রার্থী দাঁড়িয়েছে। সে ক্লাসরুমে মোট ছাত্র-ছাত্রীর সংখ্যা 40 জন। একজন প্রার্থী কতগুলো ভোট পেলে নিশ্চিত ভাবে বলা যাবে সে নির্বাচনে জয়ী হয়েছে?,"There are 2 candidates in the class captain's selection, 40 students in the classroom."
57,57,"অনুপমের কাছে একটি জাদুর বাক্স আছে, যেখানে কোনো সংখ্যা রাখলেই পরেরদিন তা সংখ্যাটির বর্গের সমান হয়ে যায়। অনুপম সেই বাক্সটি নিয়ে খেলতে ভালোবাসে। সে প্রথমদিন সেই বাক্সে 23 রাখে এবং পরেরদিন যে সংখ্যা পায়, তার শেষ দুই অংক বাদে বাকি অংকগুলো ফেলে দেয় এবং অবশিষ্ট সংখ্যাটিকে আবার বাক্সে রাখে। এভাবে প্রতিদিন এই কাজ করলে, 2024 তম দিনে সে কোন সংখ্যাটি বাক্সে রাখবে?","Anupam has a magic box, where the next day the number becomes equal to the square of the number. Anupam loves to play with that box. He puts 23 in the box on the first day and leaves the rest of the number after the number he gets the next day and keeps the remaining number in the box again. If you do this every day, what number will he put in the box on the next day?"
58,58,\(n!\) (n ফ্যাক্টরিয়াল) হলো 1 থেকে n পর্যন্ত সকল পূর্ণসংখ্যার গুণফল। আরিফ একটি সংখ্যার ফ্যাক্টরিয়ালের সাথে 3 যোগ করে দেখলো সেটি একটি পূর্ণ ঘনসংখ্যা হয়। আরিফের বাছাই করা সংখ্যাটি সর্বোচ্চ কত হতে পারে?,(n factoryial) (n) is the product of all integers from 1 to n. Arif added 3 to a number of factories and saw that it was a full-scale number. What is the maximum number of Arif's chosen numbers?
59,59,"তাহমিদ বোর্ডে একটি ধনাত্মক পূর্ণসংখ্যা লিখলো। যার প্রত্যেকটি অঙ্ক 2 এবং সংখ্যাটি 6666 দ্বারা বিভাজ্য। এমন সব সম্ভাব্য সংখ্যার মধ্যে তাহমিদের লেখা সংখ্যাটি সবচেয়ে ছোট হলে, সংখ্যাটিতে কতগুলো 2 আছে?","Tahmid wrote a positive integer on the board. Each number is divided by 2 and the number 666. If the number of tahmids is the smallest of the possible numbers, how many are there in the number 2?"
60,60,এক হাজার সাতাত্তর এর সাথে তেত্রিশ যোগ করলে যোগফল কত হবে?,What would be the sum if you added thirty-three to a thousand seventy-seven?
61,61,দুইটি মৌলিক সংখ্যার যোগফল 7। সংখ্যা দুইটির গুণফল কত?,The sum of the two primes is 7. What is the product of the two numbers?
62,62,"একটি পূর্ণসংখ্যার অংকগুলো 2,3,5 ও 7 এবং এগুলো প্রত্যেকটি কমপক্ষে দুইবার করে আছে। সংখ্যাটি তার নিজের কোনো অংক দ্বারাই বিভাজ্য নয়। সংখ্যাটির সর্বনিম্ন মান কত?","An integer is 2,3,5 and 7 and each of these is done twice. The number is not divisible by any of its own numbers. What is the lowest value of the number?"
63,63,"একটি সুষম ঘনকের পৃষ্ঠগুলোর মধ্যবিন্দু 6 টি যোগ করে একটি চতুর্ভুজাকার দ্বিপিরামিডীয় আকৃতি পাওয়া গেল। এই দ্বিপিরামিডটির আয়তন ও ঘনকের আয়তনের অনুপাত $m/n$, যেখানে $m$, $n$ পরস্পর সহমৌলিক। এখন $m + n$ এর মান নির্ণয় করো।","A quadrangular diprmidian shape was found by adding the center of the surfaces of a balanced cube. The ratio of the volume and volume of the cube is $m/n, where $m$, $n $ mutually agreed. Now determine the value of $m + n."
64,64,"$f(x) + 2f(-x) = 2x; 2f(x) + f(-x) = x^2;$ 1 হতে 2024 পর্যন্ত $x$ এর কয়টি মান আছে, যার জন্য $x$ এবং $f(x)$ উভয়ই পূর্ণসংখ্যা হবে?","= 2f(x) + 2f(x) + f(x) + f(x) = x^2x = from 1 to 2024, for which $x = 2f(x) = both integers?"
65,65,"সর্বনিম্ন কোন বর্গসংখ্যাটি 35, 48 এবং 63 দ্বারা বিভাজ্য?","Which of the lowest square numbers is divided by 35, 48 and 63?"
66,66,"মাজেদ গণিত নিয়ে নতুন নতুন আবিষ্কার করতে খুব পছন্দ করে। সে যোগ-বিয়োগ-গুণ-ভাগের মতো নতুন একটি অপারেটর আবিষ্কার করলো। এই অপারেটরটির সে নাম দিল ডায়মন্ড অপারেটর ($\diamond$)। ডায়মন্ড অপারেটরের কাজ হলো দুইটি সংখ্যার মাঝখানে ডায়মন্ড অপারেটর দিলে, সংখ্যা দুইটির যোগফল ও বিয়োগফলের গুণফল পাওয়া যাবে। যেমনঃ $5 \diamond 3 = (5+3) \times (5-3)$। তাহলে একইভাবে মাজেদ $ (9 \diamond 7) \diamond 5 $ এর মান বের করলে কত পাবে?","Majed likes to invent new inventions with mathematics. He invented a new operator like Yoga-biog-quality-part. The operator named the diamond operator (\diamond =). Diamond operator is a diamond operator in the middle of two numbers. For example, $5 \diamond 3 = (5+3) \times (5-3) (5-3) = 5. So, how much do you get for Majed $ (9 \Diamond 7) $5?"
67,67,16 জনের একটি দাবা টুর্নামেন্টে প্রতি রাউন্ডে প্রত্যেকে একে অপরের সাথে 3 বার করে খেলে। যদি প্রতি রাউন্ডে অর্ধেক প্রতিযোগী বাদ পরে যায় তবে টুর্নামেন্টে বিজয়ী নির্বাচনে মোট কতটি ম্যাচ হবে?,"In one of the 16 players' chess tournaments each play 3 times each with each other. If half of the contestants are dropped in each round, how many matches will be played in the tournament winning election?"
68,68,"350 এর সাথে ন্যূনতম কোন ধনাত্মক পূর্ণসংখ্যা যোগ করলে সংখ্যাটি একটি পূর্ণবর্গ সংখ্যা হবে? (কোনো পূর্ণবর্গ সংখ্যা এমন একটি ধনাত্মক পূর্ণসংখ্যা যাকে কোনো পূর্ণসংখ্যা এবং ঐ একই পূর্ণসংখ্যার গুনফল আকারে প্রকাশ করা যায়। যেমনঃ 25 = 5×5, 36 = 6×6 ইত্যাদি)","If you add a positive integer to 350, the number will be a full square number? (A full-square number is a positive integer that can be expressed in the form of an integer and the result of the same integer.)"
69,69,লিপ ইয়ার হলে সেই বছরে ফেব্রুয়ারি মাস ঊনত্রিশ দিনে হয়। এরকম কোনো লিপ ইয়ারে 53 টি শুক্রবার থাকার সম্ভাবনাকে $\frac{a}{b}$ আকারে লেখা যায়। a + b এর সর্বনিম্ন মান নির্ণয় করো।,"In February, the month of February is thirty-nine days of the year. The probability of having a lip year is $$$\frac{a}{b}}$1. determine the lowest value of a + b."
70,70,দুইটি বর্গের বাহুগুলোর দৈর্ঘ্য যথাক্রমে 5 এবং 9। বৃহত্তম বর্গক্ষেত্র এবং ক্ষুদ্রতম বর্গক্ষেত্র দুইটির পরিসীমার পার্থক্য কত?,The length of the sides of the two square sides is 5 and 9 respectively. What is the difference between the range of the largest square and the smallest square?
71,71,"$\sqrt{a + b} + \sqrt{c + d} = \sqrt{6250}$ সমীকরণটিতে $a$, $b$, $c$, $d$ পূর্ণসংখ্যা হলে, $a + b + c + d$ এর সর্বনিম্ন মান নির্ণয় করো।","\sqrt{a + b} + sqrt{c + d} = \sqrt{650} = \sqrt{b}} = $a$, $b$, $c$, $d + b + c + d'."
72,72,"যদি $f(x) = 256^{2^{-(x+1)}}$ হয়, তাহলে $\prod_{i=1}^{\infty} f(i)$ এর মান নির্ণয় কর।","If $f(x) = 256^{2^{(x+1)}}}$, then determine the value of $\prod_{i=1}^{\infly} f(i) =."
73,73,"$n$ এর সর্বনিম্ন কোন বিজোড় মানের জন্য $2024^3$ দ্বারা $2025^n - 2024n - 1$ নিঃশেষে বিভাজ্য হবে? (যেখানে, $n > 1$)","For the lowest odd value of $n $0244^3$225^n - 2024n - $234? (Where, $n > %1)"
74,74,"100 এর চেয়ে ছোট এমন কয়টি মৌলিক সংখাজোড় পাওয়া যাবে, যাদের বিয়োগফল একটি মৌলিক সংখ্যা হবে?","How many elementary numbers can be found than 100, whose minusparity will be a prime number?"
75,75,"যদি $a = 3$ এবং $r = \frac{1}{3}$ হয়, তাহলে
\[\prod_{i=0}^{6}(a \times r^i) = c^d\]
এখানে $c$ মৌলিক সংখ্যা হলে, $c - d$ এর মান নির্ণয় করো।
$\Sigma$ দ্বারা যেভাবে যোগফলকে বোঝায়, একইভাবে \(\prod\) দ্বারা গুণফলকে বোঝায়। যেমন:
\[\prod_{i=1}^{4}(2 \times i) = 2 \times 4 \times 6 \times 8\]","If = 3$ and $r \r = \prod_{i=0}^{6}^{6}=a\times rhi] = c^d\\t} determine the value of $c$c- d =. $\c\. \sgma =, \prod{i=1}^{4}=2times i) = 2times 4 \times 6 \time \s 8\\"
76,76,"একটি বৃত্তস্থ ট্রাপিজিয়াম আঁকা হলো, যার পরিবৃত্তটির ব্যাসার্ধ 10। ট্রাপিজিয়ামটির সমান্তরাল বাহুদ্বয়ের লম্বদূরত্ব 12 হলে, ট্রাপিজিয়ামটির ক্ষেত্রফল সর্বোচ্চ কত হওয়া সম্ভব?","A circle of triangular triangles is drawn, with a radius of 10. If the perpendicular distance between the sides of the tragium is 12 then, what is the maximum possible area of the tragium?"
77,77,"1, 2, 7 অংকগুলো মাত্র একবার ব্যবহার করে কতগুলো দুই অংকবিশিষ্ট সংখ্যা তৈরি করা যায়?","1, 2, 7, how many double-digit numbers can be made using only once?"
78,78,একটি বইয়ের মূল্য 76 টাকা। তুমি বইটি 25% ছাড়ে কিনলে। ছাড় দেওয়ার পর তুমি কত টাকা দিয়ে বইটি কিনেছিলে?,The price of a book is Tk 76. You bought the book for 25%. How much money did you buy?
79,79,"জ্যোতির পরীক্ষায় 6 টি প্রশ্ন এসেছে এবং তার কাছে 6 টি প্রশ্নেরই উত্তর আছে কিন্তু সে জানে না, কোন প্রশ্নের উত্তর কোনটা। প্রতিটি প্রশ্নের পাশে তার কাছে থাকা 6 টি উত্তরের মধ্যে সঠিক উত্তরটি লিখলে সে 1 নম্বর করে পাবে। ঐ পরীক্ষায় তার 0 পাবার সম্ভাবনাকে \(\frac{a}{b}\) আকারে প্রকাশ করা যায়, b যেখানে a, b সহমৌলিক। a + b এর মান বের কর।","Jyoti's experiments have six questions and he has 6 answers but he doesn't know what the answer to the question. He will get the right answer from six answers he has with each question. In that test, the probability of his getting 0 can be expressed in the form of b, where a, b, b, a + b."
80,80,"1 থেকে 100 (1 ও 100 সহ) এর মধ্যে এমন যতগুলো পূর্ণসংখ্যা k আছে, যাদের সব উৎপাদকের গুণফলকে ""$k^{\frac{9}{2}}$"" আকারে লেখা যায়, তাদের যোগফল নির্ণয় করো।","Find out how many integer ks out of 1 to 100 (including 1 and 100), all manufacturers whose product can be written as $k^{\refrac{9}{2}}}}\."
81,81,"একটা সংখ্যাকে আমরা ম্যাজিক সংখ্যা বলব, যেকোনো পূর্ণসংখ্যা $n$ এর জন্য যদি তাকে $2^n + n^2$ আকারে প্রকাশ করা গেলেও সংখ্যাটিকে শুধু দুটি সংখ্যা দ্বারা ভাগ করা যায়। 2024 এর চেয়ে ছোট ম্যাজিক সংখ্যাগুলোর যোগফল বের কর।","We'll call a magic number, if any integer $n is expressed in the form of + + n^, the number can be divided by only two numbers. Find out the sum of the smaller magic numbers than 2024."
82,82,6789 কে 43 দ্বারা ভাগ করলে ভাগফলে দশমিকের চতুর্থ ঘরের অংকটি কত?,"If 6789 is divided by 43, how much is the fourth room of the decimal?"
83,83,"মণীষা একটি 256 পৃষ্ঠার নোটবুক কিনেছে। তুন্না প্রথমদিন প্রতিটি পৃষ্ঠায় পেন্সিল দিয়ে দাগ দেয়, এবং মণীষা প্রতি দ্বিতীয় পৃষ্ঠার দাগ মুছে দেয়। পরেরদিন তুন্না আবার প্রতি তৃতীয় পৃষ্ঠায় দাগ দেয় এবং মণীষা প্রতি চতুর্থ পৃষ্ঠার দাগ মুছে দেয়। এভাবে 128 দিন ধরে তুন্না আর মণীষার দাগ দেওয়া আর মোছা চলতে থাকে। 128 দিন শেষে, নোটবুকের কতটি পৃষ্ঠায় এখনো দাগ থেকে গিয়েছে?","Manisha buys a 256-page notebook. The first day, she marks the pencil on each page, and removes the stain on the second page of the manisha. The next day, the tanna marks on the third page again, and the manisha removes marks on the fourth page. Thus, for 128 days, it continues to stains and deletions. At the end of 128 days, how many pages of notebooks are still on the page?"
84,84,একটি পরীক্ষায় 12 জন শিক্ষার্থীর প্রাপ্ত নম্বরের গড় 90। একজন শিক্ষার্থীর নম্বরের সংশোধন হওয়ায় গড় 2 নম্বর বৃদ্ধি পেলো। ঐ শিক্ষার্থীর প্রাপ্ত নম্বর কতটুকু বেড়েছিলো?,The average number of students obtained in one test was 90. The average number of students was increased by a student's correction.
85,85,20232024+20242025 সংখ্যাটিকে 6 দিয়ে ভাগ করলে ভাগশেষ কত হবে?,If the number 202324+20242025 is divided by 6 then what will be the remainder?
86,86,"একটি ত্রিভুজের বৃহত্তম কোণ 80° হলে, ক্ষুদ্রতম কোণের সর্বনিম্ন সম্ভাব্য মান নির্ণয় কর।","If the largest angle of a triangle is 80 C, determine the lowest possible value of the smallest angle."
87,87,"AC ব্যাসের অর্ধবৃত্তের উপর B এমন একটি বিন্দু যেন AB < AC হয়। D, AC এর মধ্যবিন্দু এবং E, BC এর উপর এমন একটি বিন্দু যেন ED, AC এর উপর লম্ব। যদি AC = 20 হয় তবে ত্রিভুজ BDE এর সর্বোচ্চ ক্ষেত্রফল কত?","A point B on AC diameter is like AB < AC. A point on D, AC's center and E, BC, is perpendicular to ED, AC. If AC = 20, what is the maximum area of the triangle BDE?"
88,88,"একটি গাছের জীবনের শুরুতে একটি পাতা থাকে। যেকোনো সময়ে, যেকোনো পাতা ধ্বংস হয় এবং সেখানে দুটি অনন্য ডাল তৈরি হয়, যাদের প্রত্যেকের একটি করে পাতা থাকে। এভাবে এক সময় পাতার সংখ্যা 7 হয়। গাছটি কতভাবে ঐ পর্যায়ে যেতে পারবে?","At the beginning of a tree's life there is a page. At any time, any leaves are destroyed and there are two unique pulses, each having one leaves. Thus the number of leaves is 7. How can the tree go to that stage?"
89,89,"$w$, $x$, $y$, $z$ এমন চারটি বিজোড় সংখ্যা যেন $w!×x!×y!×z! = 10!$ হয়। $w×x×y×z$ এর মান নির্ণয় কর।","$w, $x, $z $z is like four odd numbers $w! x! = 10! = 10! = $wxyz = $*."
90,90,"একটি ত্রিভুজের তিনটি কোণ যথাক্রমে $4x - 8$, $3x - 7$ ও $2x + 6$ ডিগ্রি। বৃহত্তম ও ক্ষুদ্রতম কোণের পার্থক্য নির্ণয় কর।","The three angles of a triangle are $4x - 8$, $3x 7 and $6 + 6 $ respectively. Know the difference between the largest and smallest angles."
91,91,"$f(n) = n$ সংখ্যাটির অংকগুলোর সমষ্টির বর্গ। $f_2(n) = f(f(n)), f_3(n) = f(f(f(n))), f_4(n) = f(f(f(f(n)))), ...$
$f_{2024}(2)$ এর মান কত?","= n = n = square of the number of numbers. $f_2(n) = f(f(n), f3(n) = f(f(f(n), f_4(n), = f(f(f(f(f(n)),... $f_{20}}= = f(f(n), = = = f(f(f(f(n)}}}}}?"
92,92,"ইমনের কাছে 6561 একক ব্যাসার্ধের একটি বিশাল নিরেট সিলিন্ডার আছে। সে সিলিন্ডারকে বাইরে থেকে এমনভাবে কাটতে চায় যেন শেষে একটিমাত্র নিরেট সিলিন্ডার থাকে এবং কাটার পর যে কয়েকটি পাইপ পাওয়া যায় তাদের বহিঃব্যাসার্ধ ক্রমান্বয়ে এক-তৃতীয়াংশ হতে থাকে। যদি পাইপ এবং সিলিন্ডারের ব্যাসার্ধ পূর্ণসংখ্যা হয়, তাহলে সর্বোচ্চ কয়টি পাইপ পাওয়া সম্ভব?","Imon has a massive solid cylinder in a single radius of 6561. He wants to cut the cylinder out of the cylinder as if there is a single solid cylinder at the end, and a few pipes that can be found after cutting are gradually one-third of the surface. If the pipe and cylinder radius are integers, then how many pipes can be found?"
93,93,30 টি ধনাত্মক পূর্ণসংখ্যার গড় 40 এবং অপর 40 টি ধনাত্মক পূর্ণসংখ্যার গড় 12। তাহলে মোট 70 টি পূর্ণসংখ্যার গড় নির্ণয় করো।,"The average of 30 positive integers is 40 and the average of 40 positive integers is 12. So, then, define the average of 70 integers."
94,94,n সংখ্যক ক্রমিক পূর্ণসংখ্যার যোগফল n দ্বারা বিভাজ্য হলে n কে একটি ম্যাজিক নম্বর বলা হবে। 1 থেকে 2024 এর মধ্যে এরূপ কতটি ম্যাজিক নম্বর রয়েছে?,"If n number of serial integers are divisible by n, n will be called a magic number. How many magic numbers do you have between 1 and 2024?"
95,95,"একটি বক্সে কিছু লাল এবং নীল বল রয়েছে। যদি আরও একটি লাল বল যোগ করা হয়, তাহলে একটি লাল বল পাওয়ার সম্ভাবনা একটি নীল বল পাওয়ার সম্ভাবনার সমান হয়ে যায়। যদি তিনটি নীল বল যোগ করা হয়, তাহলে একটি নীল বল পাওয়ার সম্ভাবনা একটি লাল বল পাওয়ার সম্ভাবনার দ্বিগুণ হয়ে যায়। বক্সে কতগুলি বল আছে?","In a box there are some red and blue balls. If another red ball is added, the probability of getting a red ball becomes equal to the possibility of a blue ball. If three blue balls are added, the probability of a blue ball getting a red ball is doubled. How many balls are there in the box?"
96,96,"একটি চার অঙ্কের পূর্ণসংখ্যা 11 দ্বারা নিঃশেষে বিভাজ্য। সংখ্যাটির শেষ দুই অঙ্ক সরিয়ে এর সামনে বসালে তা 4 দ্বারা বিভাজ্য হয়। যেমন, সংখ্যাটি যদি $abcd$ হয় তাহলে $cdab$, 4 দ্বারা বিভাজ্য হবে। এমন সম্ভাব্য সংখ্যাগুলোর যোগফল নির্ণয় করো, যাদের প্রথম ও শেষ অঙ্কের পার্থক্য 6। (যেমন: এরকম একটি সংখর হলো 7271, যা 11 দিয়ে নিঃশেষে বিভাজ্য। শেষ দুটি অঙ্ককে সরিয়ে এর সামনে বসালে সংখ্যাটি 7172 হয়, যা 4 দ্বারা বিভাজ্য এবং 7271 এর প্রথম ও শেষ অঙ্কদ্বয়ের পার্থক্য 6)","An integer of a four-digit number is voltageed by 11. The last two digits of the number are placed in front of it by 4. For example, if the number is $bcd$, the number will be $cdb$4. The sum of potential numbers will be reduced by 6. (e.g., a number of such numbers are 7271, which is volatile by 11). The number is 7722, which is the difference between the first and the last two digits by 4 and 7271)"
97,97,"এমন কতগুলো ধনাত্মক পূর্ণসংখ্যা আছে যারা $12^{12}, 14^{12} এবং 18^9$ এর অন্তত যেকোনো একটি সংখ্যার উৎপাদক?","How many positive integers are there who are manufacturers of at least one of these numbers of $22^{12}, 14^{12} and 18^9$?"
98,98,"3 টি ক্রমিক পূর্ণসংখ্যার যোগফল 216 হলে, সবচেয়ে ছোট সংখ্যা টি কত?","If the sum of 3 serial integers is 216, what is the smallest number?"
99,99,"তোমাকে এক জাদুকর প্রথমদিন কিছু সংখ্যক কলম দিলো। এরপর থেকে জাদুকর প্রতিদিন তোমাকে আগের দিন দেওয়া কলম সংখ্যার দ্বিগুণ সংখ্যক কলম দেয়। তুমি চতুর্থ দিন দেখলে যে তোমার কাছে 60 টি কলম আছে, তাহলে প্রথম দিন তোমাকে জাদুকর কতগুলো কলম দিয়েছিল?","The magician gave you a number of pens on the first day, and the magician gave you double number of pens a day before."
